compiler,expval,absoluate_error,relative_error,ideal
uncompiled,4.553649124439119e-18,1.0605990171102696e-16,0.9588328094519584,1.1061355083546608e-16
ucc,-8.890457814381136e-18,1.1950400864984722e-16,1.0803740386890337,1.1061355083546608e-16
cirq,2.0143392162608187e-15,1.9037256654253525e-15,17.21060079028726,1.1061355083546608e-16
qiskit,-2.3852447794681098e-18,1.129987956149342e-16,1.0215637664775457,1.1061355083546608e-16
pytket,-3.469446951953614e-18,1.140829977874197e-16,1.0313654785127937,1.1061355083546608e-16
